{
  "267 E Main St, Green Valley, IL": [
    40.406873,
    -89.633846
  ],
  "1213 Hanna City Glasford Rd, Hanna City, IL": [
    40.675743,
    -89.800767
  ],
  "1213 Hanna City Glasford, Hanna City, IL": [
    40.675743,
    -89.800767
  ],
  "1129 Keokuk St, Lincoln Plant, IL": [
    40.146755,
    -89.362508
  ],
  "19716 N Elliott Rd, Monica, IL": [
    40.92923,
    -89.81301
  ],
  "1758 State Route 54, Mt Pulaski, IL": [
    40.015002,
    -89.263685
  ],
  "153 State Route 10, New Holland, IL": [
    40.180807,
    -89.569945
  ],
  "1505 Valle Vista, Pekin, IL": [
    40.5517,
    -89.60685
  ],
  "14104 Baer Rd, Tremont, IL": [
    40.526307,
    -89.470045
  ],
  "110 E Ellsworth St, Avoca, IA": [
    41.473589,
    -95.336375
  ],
  "110 E Ellsworth Ave, Avoca, IA": [
    41.473589,
    -95.336375
  ],
  "22686 Highway 2, Bloomfield, IA": [
    40.733375,
    -92.39072
  ],
  "520 S Schenck St, Clarinda, IA": [
    40.733423,
    -95.018808
  ],
  "28465 County Rd G62, Crawfordsville, IA": [
    41.189433,
    -91.475389
  ],
  "54911 Troy Rd, Griswold, IA": [
    41.22748,
    -95.14102
  ],
  "1212 Industrial Pkwy, Harlan, IA": [
    41.63801,
    -95.32669
  ],
  "30754 Hwy 149, Hedrick, IA": [
    41.21235,
    -92.21299
  ],
  "420 N 4th St, Humeston, IA": [
    40.862769,
    -93.49477
  ],
  "2616 W 2nd Ave, Indianola, IA": [
    41.35764,
    -93.59645
  ],
  "1850 335th St, Missouri Valley, IA": [
    41.52044,
    -95.945512
  ],
  "628 Troy St, Murray, IA": [
    41.04339,
    -93.94536
  ],
  "2305 Hwy 23 S, Oskaloosa, IA": [
    41.27952,
    -92.62103
  ],
  "1003 SW 7th St, Stuart, IA": [
    41.4969,
    -94.331492
  ],
  "421 N 10th St, Winterset, IA": [
    41.33798,
    -94.00228
  ],
  "30 E Main St, Albert City, IA": [
    42.781639,
    -94.948464
  ],
  "105 West 1st St, Alta, IA": [
    42.675592,
    -95.305957
  ],
  "1509 Midwest Ave, Alton, IA": [
    42.993067,
    -96.001962
  ],
  "100 South Main St, Aurelia, IA": [
    42.711411,
    -95.436645
  ],
  "501 1st Street, Battle Creek, IA": [
    42.315287,
    -95.598262
  ],
  "312 South Railway Ave, Calumet, IA": [
    42.943449,
    -95.54952
  ],
  "500 South River Road, Cherokee, IA": [
    42.901824,
    -95.313622
  ],
  "960 Riverview Dr, Cherokee, IA": [
    42.76228,
    -95.53433
  ],
  "113 South Lewis Ave, Cleghorn, IA": [
    42.81131,
    -95.711828
  ],
  "1800 E 11th St, Emmetsburg, IA": [
    41.531135,
    -90.550609
  ],
  "106 S Main St, Fonda, IA": [
    42.580698,
    -94.84569
  ],
  "902 Broad St, Granville, IA": [
    42.98699,
    -95.875834
  ],
  "3232 Van Buren Ave, Hartley, IA": [
    43.18035,
    -95.499289
  ],
  "204 East 1st Street, Holstein, IA": [
    42.49103,
    -95.542742
  ],
  "18 W 1st Street, Kingsley, IA": [
    42.586127,
    -95.970104
  ],
  "400 Walnut Street, Laurens, IA": [
    42.84831,
    -94.853826
  ],
  "212 North Agora, Marathon, IA": [
    42.861738,
    -94.982049
  ],
  "200 N Hwy 143, Marcus, IA": [
    42.824598,
    -95.807812
  ],
  "141 N Main St, Paullina, IA": [
    42.980704,
    -95.688475
  ],
  "4949 Hwy 71, Rembrandt, IA": [
    42.800404,
    -95.152267
  ],
  "102 West First Street, Schaller, IA": [
    42.500768,
    -95.293971
  ],
  "205 W Park St, Sheldon, IA": [
    43.18562,
    -95.85658
  ],
  "305 3rd Ave, Webb, IA": [
    42.949624,
    -95.01049
  ],
  "530 2nd St S, Eldridge, ND": [
    46.900714,
    -98.858947
  ],
  "201 Main Ave W, Hague, ND": [
    46.029062,
    -99.995731
  ],
  "600 D South 7th St, Oakes, ND": [
    46.132216,
    -98.082164
  ],
  "210 N HWY 83, Strasburg, ND": [
    46.18302,
    -100.190836
  ],
  "105 392nd Ave S, Aberdeen, SD": [
    45.463028,
    -98.381588
  ],
  "908 Lamont St S, Aberdeen, SD": [
    45.455726,
    -98.442432
  ],
  "39278 133rd Street, Aberdeen, SD": [
    45.459935,
    -98.375408
  ],
  "902 Railway Ave, Alpena, SD": [
    44.180162,
    -98.362567
  ],
  "13701 US Hwy 12, Andover, SD": [
    45.395411,
    -97.854462
  ],
  "32491 US Hwy 12, Bowdle, SD": [
    45.45131,
    -99.683522
  ],
  "100 6th Ave W (Plant area), Bowdle, SD": [
    45.453024,
    -99.6552
  ],
  "41 County Road 33, Bristol, SD": [
    45.34944,
    -97.75503
  ],
  "535 415th Ave, Carpenter, SD": [
    44.63683,
    -97.91755
  ],
  "250 W 249th St, Chamberlain, SD": [
    43.769984,
    -99.317151
  ],
  "606 3rd St SE, Colman, SD": [
    43.982962,
    -96.814015
  ],
  "606 3rd Street SE, Colman, SD": [
    44.89226,
    -97.11216
  ],
  "24 S Mill St, Columbia, SD": [
    45.609576,
    -98.30923
  ],
  "200 Railroad Ave N, Erwin, SD": [
    44.488547,
    -97.442181
  ],
  "16253 355th Ave, Faulkton, SD": [
    45.039785,
    -99.083298
  ],
  "10684 386th Ave, Frederick, SD": [
    45.83896,
    -98.5163
  ],
  "32080 US Hwy 14, Harrold, SD": [
    44.52692,
    -99.73451
  ],
  "111 S. Main Street, Herreid, SD": [
    43.300472,
    -96.593032
  ],
  "525 Commercial Ave, Highmore, SD": [
    44.52682,
    -99.440797
  ],
  "124 King Avenue NE, Highmore, SD": [
    44.52291,
    -99.42822
  ],
  "1000 4th St NW, Huron, SD": [
    44.370608,
    -98.231174
  ],
  "800 4th Street NW, Huron, SD": [
    44.36984,
    -98.229333
  ],
  "13438 363rd Ave, Ipswich, SD": [
    45.4422,
    -98.92617
  ],
  "36075 US Hwy 12, Ipswich, SD": [
    45.447751,
    -98.965952
  ],
  "12 5th Ave Hwy 12 E, Ipswich, SD": [
    45.448177,
    -99.021911
  ],
  "36075 US HWY 12, Ipswich, SD": [
    45.447751,
    -98.965952
  ],
  "4020 Main St, Java, SD": [
    45.505494,
    -99.886659
  ],
  "115 N SD Hwy 273, Kennebec, SD": [
    43.897076,
    -99.865542
  ],
  "36694 Iron Horse Dr, Kimball, SD": [
    43.743426,
    -98.856097
  ],
  "25035 367th Ave, Kimball, SD": [
    43.749251,
    -98.859869
  ],
  "36694 Iron Horse Drive, Kimball, SD": [
    43.743426,
    -98.856097
  ],
  "601 Main St, Langford, SD": [
    45.60222,
    -97.82856
  ],
  "605 Railroad St, Lebanon, SD": [
    45.06793,
    -99.76838
  ],
  "240 Elm St, Leola, SD": [
    45.7241,
    -98.94438
  ],
  "10889 SD Hwy 63, McLaughlin, SD": [
    45.833396,
    -100.810599
  ],
  "109 Elevator Road, McLaughlin, SD": [
    45.817738,
    -100.813765
  ],
  "313 W 4th Ave, Milbank, SD": [
    45.21918,
    -96.64383
  ],
  "35844 US Hwy 14, Miller, SD": [
    44.529993,
    -99.003882
  ],
  "25258 413th Ave, Mitchell, SD": [
    43.72338,
    -97.94674
  ],
  "604 5th Street, Murdo, SD": [
    43.88467,
    -100.70655
  ],
  "15473 383rd Ave, Northville, SD": [
    45.149898,
    -98.576358
  ],
  "97 A Ave, Pollock, SD": [
    45.898409,
    -100.286409
  ],
  "1227 E 3rd St, Redfield, SD": [
    44.867739,
    -98.512972
  ],
  "1227 East 3rd Street, Redfield, SD": [
    44.867739,
    -98.512972
  ],
  "38394 US Hwy 212, Redfield, SD": [
    44.885906,
    -98.545545
  ],
  "13345 341st Ave, Roscoe, SD": [
    45.465468,
    -99.359115
  ],
  "1 S. Commercial Ave, St. Lawrence, SD": [
    44.51372,
    -98.93853
  ],
  "38784 262nd St, Stickney, SD": [
    43.585861,
    -98.442834
  ],
  "18290 SD HWY 281, Tulare, SD": [
    44.742188,
    -98.503797
  ],
  "102 Main Street, Tulare, SD": [
    44.737866,
    -98.505746
  ],
  "38565 142nd St, Warner, SD": [
    45.328984,
    -98.489726
  ],
  "110 Railroad St W, Wessington Springs, SD": [
    44.09133,
    -98.57184
  ],
  "111 Elevator Rd, Willow Lake, SD": [
    44.625821,
    -97.635466
  ],
  "20137 US Hwy 281, Wolsey, SD": [
    44.46369,
    -98.5009
  ],
  "39758 SD Hwy 34, Woonsocket, SD": [
    44.054828,
    -98.258104
  ],
  "218 S Main, Yale, SD": [
    43.126724,
    -82.797744
  ],
  "20060 IA Highway 3, Allison, IA": [
    42.755554,
    -92.795118
  ],
  "17995 Highway 57, Aplington, IA": [
    42.58361,
    -92.87018
  ],
  "820 10th Street, Aplington, IA": [
    42.585805,
    -92.88405
  ],
  "2131 Old Highway Road, Charles City, IA": [
    43.048046,
    -92.667806
  ],
  "1303 S Grand Avenue, Charles City, IA": [
    43.053935,
    -92.673021
  ],
  "625 1st Street, DeWitt, IA": [
    41.81571,
    -90.53995
  ],
  "5901 1st Street, Dewar, IA": [
    42.525412,
    -92.222719
  ],
  "804 Edgington Avenue, Eldora, IA": [
    42.361078,
    -93.094002
  ],
  "1880 Highway 18 W, Garner, IA": [
    43.10492,
    -93.619651
  ],
  "20836 R Avenuenue, Hawkeye, IA": [
    42.93286,
    -91.94277
  ],
  "513 7th Street, Janesville, IA": [
    42.643318,
    -92.459281
  ],
  "1000 S 5th Street, Manchester, IA": [
    42.47518,
    -91.46439
  ],
  "20081 22nd Street, Maquoketa, IA": [
    42.051906,
    -90.665015
  ],
  "255 5th Street N, Maynard, IA": [
    42.775924,
    -91.88261
  ],
  "50071 Highway 64, Miles, IA": [
    42.04953,
    -90.31475
  ],
  "1270 150th Street, Nora Springs, IA": [
    43.140577,
    -92.971811
  ],
  "4533 Shellsburg Road, Palo, IA": [
    42.06647,
    -91.80755
  ],
  "1600 8th Street  SW, Waverly, IA": [
    42.70829,
    -92.48162
  ],
  "202 Peede-Downey Street, West Branch, IA": [
    41.61637,
    -91.34949
  ],
  "207 E Main Street, Wyoming, IA": [
    42.05922,
    -91.003592
  ],
  "1 Agfirst Place, Aurora, SD": [
    44.285184,
    -96.687582
  ],
  "702 W 1st Ave, Clark, SD": [
    44.35134,
    -100.38296
  ],
  "131 SW 423rd Ave, Clark, SD": [
    44.798671,
    -97.754471
  ],
  "100 S Commercial St, Clark, SD": [
    44.877819,
    -97.733538
  ],
  "606 First St, Florence, SD": [
    45.052901,
    -97.324252
  ],
  "12 Railway Ave, Garden City, SD": [
    44.958286,
    -97.581703
  ],
  "300 1st St, Henry, SD": [
    44.88,
    -97.467839
  ],
  "W Main St, Toronto, SD": [
    44.572833,
    -96.642542
  ],
  "43680 SD Hwy 20, Wallace, SD": [
    45.095926,
    -97.47571
  ],
  "102 7th Ave, Wallace, SD": [
    45.08586,
    -97.48069
  ],
  "812 20th Ave. SW, Watertown, SD": [
    44.87293,
    -97.12872
  ],
  "811 Burlington Northern Dr, Watertown, SD": [
    44.891677,
    -97.129656
  ],
  "810 Burlington Northern Dr, Watertown, SD": [
    44.8921,
    -97.128782
  ],
  "800 10th St SW, Watertown, SD": [
    44.891851,
    -97.131424
  ],
  "409 4th St E, Webster, SD": [
    45.32962,
    -97.515401
  ],
  "6079 East Main St, Dolliver, IA": [
    43.465322,
    -94.614199
  ],
  "37665 Goodhue Ave, Dennison, MN": [
    44.405673,
    -93.039717
  ],
  "4277 West Hwy 30, Ellendale, MN": [
    43.87063,
    -93.288002
  ],
  "1482 265th Ave, Granada, MN": [
    43.7001,
    -94.3374
  ],
  "806 2nd St, Kenyon, MN": [
    44.271925,
    -92.983188
  ],
  "305 S Pv St, Lewisville, MN": [
    43.923582,
    -94.438751
  ],
  "1600 Hwy 3 S, Northfield, MN": [
    44.44307,
    -93.17963
  ],
  "4544 284th St E, Randolph, MN": [
    44.536367,
    -93.013179
  ],
  "110 S. 2nd Ave W, Truman, MN": [
    43.82702,
    -94.43828
  ],
  "233 West Ciro, Truman, MN": [
    43.82746,
    -94.43828
  ],
  "390 First St NE, Wells, MN": [
    43.74634,
    -93.72087
  ],
  "441 Cleveland Ave E, Winnebago, MN": [
    43.76937,
    -94.15833
  ],
  "511 Oak Ave, Bird Island, MN": [
    44.76988,
    -94.89148
  ],
  "7891 State Hwy 15, Brownton, MN": [
    44.73081,
    -94.37409
  ],
  "514 W Yellowstone Trail, Buffalo Lake, MN": [
    44.73721,
    -94.62271
  ],
  "627 County Road 7 N, Cobden, MN": [
    44.28841,
    -94.84658
  ],
  "80 Mars St N, Cosmos, MN": [
    44.93692,
    -94.6956
  ],
  "112 Hercules Avenue W, Cosmos, MN": [
    44.937075,
    -94.697518
  ],
  "48153 State Hwy 19, Fairfax, MN": [
    44.526878,
    -94.70026
  ],
  "40 W Park Dr, Gibbon, MN": [
    44.532679,
    -94.527433
  ],
  "16074 State Highway 257, Hanska, MN": [
    44.145966,
    -94.490957
  ],
  "251 Ash Ave E, Hector, MN": [
    44.74502,
    -94.71318
  ],
  "200 Water Street, New Ulm, MN": [
    44.31909,
    -94.45403
  ],
  "24571 225th Ave, Sleepy Eye, MN": [
    44.318196,
    -94.637956
  ],
  "27875 County Road 27, Sleepy Eye, MN": [
    44.297024,
    -94.742514
  ],
  "27865 County Road 27, Sleepy Eye, MN": [
    44.29717,
    -94.74069
  ],
  "225 Oak Street NE, Sleepy Eye, MN": [
    44.29902,
    -94.71835
  ],
  "54685 175th St, Austin, MN": [
    43.608,
    -92.95551
  ],
  "347 Highway Ave S, Blooming Prairie, MN": [
    43.86314,
    -93.04831
  ],
  "75530 State Hwy 56, Hayfield, MN": [
    43.854298,
    -92.858503
  ],
  "300 Railway St N, Dundas, MN": [
    44.431123,
    -93.206667
  ],
  "1504 Highway 3 S, Northfield, MN": [
    44.443034,
    -93.178132
  ],
  "900 30th Pl NW, Owatonna, MN": [
    44.089718,
    -93.263029
  ],
  "105 E Main St, Hinton, IA": [
    42.626851,
    -96.290551
  ],
  "87812 US-183, Ainsworth, NE": [
    42.551792,
    -99.755048
  ],
  "87812 US Hwy 183, Ainsworth, NE": [
    42.551792,
    -99.755048
  ],
  "120 Elm St, Bee, NE": [
    41.007384,
    -97.060471
  ],
  "1362 3rd Ave, Columbus, NE": [
    41.42918,
    -97.33063
  ],
  "56407 724th Rd, Daykin, NE": [
    40.321094,
    -97.254079
  ],
  "102 Maple St, Elgin, NE": [
    41.984616,
    -98.085196
  ],
  "716 N McClelland St, Fullerton, NE": [
    41.37203,
    -97.96542
  ],
  "607 North Robinson, Hartington, NE": [
    42.62803,
    -97.26832
  ],
  "1101 14th St, Henderson, NE": [
    40.781201,
    -97.811381
  ],
  "5 Henderson Rd, Henderson, NE": [
    40.78582,
    -97.81628
  ],
  "1870 Hwy 275, Hooper, NE": [
    41.484456,
    -96.497183
  ],
  "218 First Ave, Hordville, NE": [
    41.077297,
    -97.89095
  ],
  "26983 467th St, Humphrey, NE": [
    41.692906,
    -97.471444
  ],
  "57148 870th Rd, Laurel, NE": [
    42.438035,
    -97.107308
  ],
  "36262 State Hwy 22, Monroe, NE": [
    41.474492,
    -97.590249
  ],
  "158 Webster St, Monroe, NE": [
    41.473445,
    -97.60002
  ],
  "1007 County Road O, Oakland, NE": [
    41.883639,
    -96.472142
  ],
  "87069 494th Ave, O'Neill, NE": [
    42.445887,
    -98.618148
  ],
  "87069 494 Ave, O'Neill, NE": [
    42.445887,
    -98.618148
  ],
  "86288 516th Ave, Orchard, NE": [
    42.333878,
    -98.178829
  ],
  "101 S 1st St, Petersburg, NE": [
    41.85326,
    -98.08094
  ],
  "450 Polk Ave, Polk, NE": [
    41.0799,
    -97.78257
  ],
  "86524 Hwy 81, Randolph, NE": [
    42.37259,
    -97.42241
  ],
  "130 E Walnut, Rising City, NE": [
    41.198653,
    -97.295765
  ],
  "301 Railroad St, Scribner, NE": [
    41.66355,
    -96.66713
  ],
  "301 RR St, Scribner, NE": [
    40.663291,
    -100.034325
  ],
  "340 Oak St, Shelby, NE": [
    41.19425,
    -97.42211
  ],
  "402 Railroad Ave, St Edward, NE": [
    41.566664,
    -97.862563
  ],
  "214 Railroad St, Stromsburg, NE": [
    41.109134,
    -97.59778
  ],
  "555 First St, Utica, NE": [
    40.895059,
    -97.343185
  ],
  "1004 E Highway 20, Valentine, NE": [
    42.86456,
    -100.53898
  ],
  "1414 E. Ridge Road, Waco, NE": [
    40.896246,
    -97.454633
  ],
  "1414 Ridge Road, Waco, NE": [
    40.896246,
    -97.454633
  ],
  "85754 Highway 32, Wakefield, NE": [
    41.85822,
    -97.832649
  ],
  "85754 Hwy 35, Wakefield, NE": [
    42.260154,
    -96.856434
  ],
  "445 S Main St, West Point, NE": [
    41.836306,
    -96.712578
  ],
  "133 W Sherman St, West Point, NE": [
    41.83738,
    -96.715504
  ],
  "727 Hwy 275, Wisner, NE": [
    41.975638,
    -96.898828
  ],
  "1403 Road 14, York, NE": [
    40.885638,
    -97.576359
  ],
  "2803 N Nebraska Ave, York, NE": [
    40.89114,
    -97.59198
  ],
  "135 West Front Street, Claremont, MN": [
    44.043621,
    -92.997117
  ],
  "1833 130th Street, Fairmont, MN": [
    43.67116,
    -94.50424
  ],
  "2100 US Highway 75, Kennedy, MN": [
    48.699484,
    -96.915629
  ],
  "710 Washington Ave, Argyle, MN": [
    48.333865,
    -96.815256
  ],
  "206 W Lincoln Ave, Badger, MN": [
    48.783707,
    -96.015289
  ],
  "3035 Highway 75 S, Crookston, MN": [
    47.747592,
    -96.630734
  ],
  "33388 190th Ave SE, Erskine, MN": [
    47.68377,
    -96.068442
  ],
  "1009 S Atlantic Ave, Hallock, MN": [
    48.766226,
    -96.943631
  ],
  "1505 Hwy 75 N, Humboldt, MN": [
    48.919647,
    -97.093134
  ],
  "205 W Main St, Lake Bronson, MN": [
    48.735627,
    -96.665773
  ],
  "205 W Main, Lake Bronson, MN": [
    48.735627,
    -96.665773
  ],
  "806 Elevator Rd, Oklee, MN": [
    47.844117,
    -95.853959
  ],
  "108 2nd Ave W, Oslo, MN": [
    48.194311,
    -97.13343
  ],
  "38667 US Hwy 75 NW, Stephen, MN": [
    48.43702,
    -96.86815
  ],
  "17273 Center St E, Thief River Falls, MN": [
    48.020243,
    -96.095909
  ],
  "420 S Main St, Warren, MN": [
    48.19137,
    -96.76831
  ],
  "747 South Main St., Warren, MN": [
    48.18757,
    -96.768
  ],
  "747 S Main St, Warren, MN": [
    48.18757,
    -96.768
  ],
  "7851 Old Hwy 44, Drayton, ND": [
    48.549616,
    -97.178362
  ],
  "2002 N Washington St, Grand Forks, ND": [
    47.939841,
    -97.059831
  ],
  "201 6th St NW, Hillsboro, ND": [
    46.878527,
    -96.711456
  ],
  "40 Barrett Ave, Larimore, ND": [
    47.904777,
    -97.634381
  ],
  "109 Shearman Ave, Kanaranzi, MN": [
    43.575108,
    -96.097668
  ],
  "403 S Freeman, Luverne, MN": [
    43.65119,
    -96.20959
  ],
  "1940 County Hwy 4, Magnolia, MN": [
    43.644421,
    -96.0861
  ],
  "1940 Cnty Hwy 4, Magnolia, MN": [
    43.644421,
    -96.0861
  ],
  "102 N Broadway St, Magnolia, MN": [
    43.643826,
    -96.079744
  ],
  "102 N. Broadway Street, Magnolia, MN": [
    43.643826,
    -96.079744
  ],
  "2712 County Road 6, Marshall, MN": [
    44.41484,
    -95.75319
  ],
  "651 81st St, Pipestone, MN": [
    43.960353,
    -96.339469
  ],
  "1780 221st St, Ruthton, MN": [
    44.16808,
    -96.109123
  ],
  "301 South St, Tracy, MN": [
    44.231723,
    -95.620569
  ],
  "301 South Street, Tracy, MN": [
    44.231723,
    -95.620569
  ],
  "87177 Hwy 116, Dixon, NE": [
    42.460527,
    -96.994888
  ],
  "809 E Broadway, Wausa, NE": [
    42.498573,
    -97.533144
  ],
  "401 1st St, Baltic, SD": [
    43.76115,
    -96.74063
  ],
  "401 1st Street, Baltic, SD": [
    43.76115,
    -96.74063
  ],
  "26033 482nd Ave, PO Box 20, Brandon, SD": [
    43.61127,
    -96.576286
  ],
  "26033 482nd Avenue, Brandon, SD": [
    43.61127,
    -96.576286
  ],
  "415 E 5th St, Canton, SD": [
    43.30046,
    -96.58849
  ],
  "415 E. 5th Street, Canton, SD": [
    43.30046,
    -96.58849
  ],
  "46389 245th St, Colton, SD": [
    43.832417,
    -96.933742
  ],
  "109 E 1st St, Elkton, SD": [
    44.237177,
    -96.480557
  ],
  "601 Depot Ave, Garretson, SD": [
    43.71616,
    -96.504268
  ],
  "601 Depot Avenue, Garretson, SD": [
    43.71616,
    -96.504268
  ],
  "47014 SD Hwy 44, Worthing, SD": [
    43.33223,
    -96.80325
  ],
  "805 N Hwy 183, Alma, NE": [
    35.958215,
    -81.94209
  ],
  "901 West US Hwy 6, Holdrege, NE": [
    40.434355,
    -99.39578
  ],
  "310 Logan St, Holdrege, NE": [
    40.437769,
    -99.365382
  ],
  "3010 E 39th St, Suite 4, Kearney, NE": [
    40.714559,
    -99.041164
  ],
  "405 Commercial St, Loomis, NE": [
    40.478564,
    -99.507203
  ],
  "301 Ludeke St, Loomis, NE": [
    40.481419,
    -99.507018
  ],
  "16214 18th St S, Comstock, MN": [
    46.65828,
    -96.7483
  ],
  "108 3rd St, Glyndon, MN": [
    46.87431,
    -96.58095
  ],
  "81 W Great Northern, Casselton, ND": [
    46.905152,
    -97.222329
  ],
  "102 6th Ave, Edgeley, ND": [
    46.361255,
    -98.710116
  ],
  "306 1st Street, Edgeley, ND": [
    46.558473,
    -98.741017
  ],
  "9137 Highway 32, Forman, ND": [
    46.086388,
    -97.634999
  ],
  "12090 ND-27, Fort Ransom, ND": [
    46.440724,
    -97.888995
  ],
  "125 Galchutt Dr, Galchutt, ND": [
    46.386777,
    -96.809064
  ],
  "13219 Hwy 13, Gwinner, ND": [
    46.226049,
    -97.63227
  ],
  "228 Chapin Dr, Harwood, ND": [
    46.979,
    -96.87949
  ],
  "5324 165th Ave SE, Kindred, ND": [
    46.641251,
    -97.009629
  ],
  "10246 Highway 13, LaMoure, ND": [
    46.354366,
    -98.277349
  ],
  "208 Market St, Litchville, ND": [
    46.651864,
    -98.193086
  ],
  "10802 Highway 46, Litchville, ND": [
    46.628682,
    -98.157705
  ],
  "101 Mill St, Mantador, ND": [
    46.16395,
    -96.97911
  ],
  "310 6-1/2 Ave, Milnor, ND": [
    46.26138,
    -97.45763
  ],
  "407 Front St, Mooreton, ND": [
    46.269205,
    -96.874464
  ],
  "408 Front St, Mooreton, ND": [
    46.269205,
    -96.874464
  ],
  "405 Front St, Mooreton, ND": [
    46.26956,
    -96.87301
  ],
  "406 Front St, Mooreton, ND": [
    46.269205,
    -96.874464
  ],
  "610 7th Ave, Sanborn, ND": [
    46.262855,
    -97.456411
  ],
  "2195 114th Ave SE, Sanborn, ND": [
    47.077705,
    -98.086279
  ],
  "151 9th Ave NW, Valley City, ND": [
    46.923745,
    -98.015532
  ],
  "1125 8th Ave SW, Valley City, ND": [
    46.932751,
    -98.013222
  ],
  "12310 41st St SE, Valley City, ND": [
    46.818606,
    -97.85315
  ],
  "390 Railroad Ave, Claire City, SD": [
    45.855877,
    -97.10275
  ],
  "703 County Road 11A, Adams, ND": [
    48.412896,
    -98.049057
  ],
  "153 DN Drive, Aneta, ND": [
    47.68153,
    -97.987372
  ],
  "401 Railroad St, Calvin, ND": [
    48.852013,
    -98.939528
  ],
  "410 Rollin Ave SW, Cooperstown, ND": [
    47.44249,
    -98.123656
  ],
  "221 1st Ave N, Courtenay, ND": [
    47.22385,
    -98.5663
  ],
  "4215 14th St NW, Devils Lake, ND": [
    48.13752,
    -98.91075
  ],
  "7946 Highway 2, Devils Lake, ND": [
    48.133555,
    -98.909905
  ],
  "1016 Kelly Ave, Devils Lake, ND": [
    48.122426,
    -98.895498
  ],
  "109 10th St NE, Devils Lake, ND": [
    48.117444,
    -98.865764
  ],
  "3919 14th St NW, Devils Lake, ND": [
    48.13727,
    -98.91057
  ],
  "3719 14th St NW, Devils Lake, ND": [
    48.136995,
    -98.910064
  ],
  "402 Viking Blvd, Edmore, ND": [
    48.408655,
    -98.453225
  ],
  "721 109th Ave SE, Hannaford, ND": [
    47.307775,
    -98.202776
  ],
  "301 1st Ave SW, Lakota, ND": [
    48.039662,
    -98.347644
  ],
  "123 4th Ave, Langdon, ND": [
    48.756037,
    -98.367264
  ],
  "105 1st Ave, Lankin, ND": [
    48.310864,
    -97.92137
  ],
  "12219 Elevator Rd, Luverne, ND": [
    47.250827,
    -97.940226
  ],
  "100 SW Highway 15, McVille, ND": [
    47.73018,
    -97.57293
  ],
  "515 W Montrose Ave, Milton, ND": [
    48.624314,
    -98.042611
  ],
  "333 Railroad St, Sarles, ND": [
    48.947982,
    -98.990062
  ],
  "8276 72nd St NE, Starkweather, ND": [
    48.456636,
    -98.873416
  ],
  "202 W North St, Elburn, IL": [
    41.89238,
    -88.474051
  ],
  "101 S 1st St, Malta, IL": [
    41.92917,
    -88.86456
  ],
  "2N374 Meredith Rd, Maple Park, IL": [
    41.900932,
    -88.543105
  ],
  "12219 Route 47, Newark, IL": [
    41.542577,
    -88.434562
  ],
  "1900 Steward Rd, Rochelle, IL": [
    41.893187,
    -89.034019
  ],
  "12543 U.S. 34, Somonauk, IL": [
    41.638904,
    -88.656571
  ],
  "107 E Main St, Steward, IL": [
    41.396731,
    -96.608455
  ],
  "1811 W State St, Sycamore, IL": [
    41.996973,
    -88.720578
  ],
  "230 S Birch St, Waterman, IL": [
    41.769044,
    -88.774338
  ],
  "28135 US Hwy 281, Armour, SD": [
    43.306337,
    -98.345399
  ],
  "721 N Main Ave, Bridgewater, SD": [
    43.5551,
    -97.50256
  ],
  "711 W SD Hwy 262, Bridgewater, SD": [
    43.898041,
    -99.86467
  ],
  "515 N Hwy 281, Corsica, SD": [
    43.427414,
    -98.410875
  ],
  "1301 VFW Rd, Faulkton, SD": [
    45.027645,
    -99.131351
  ],
  "803 N US Hwy 81, Freeman, SD": [
    43.361212,
    -97.42073
  ],
  "31168 US Hwy 212, Gettysburg, SD": [
    45.025901,
    -99.927656
  ],
  "30605 106th St, Herreid, SD": [
    45.85411,
    -100.068052
  ],
  "101 Ash Ave, Highmore, SD": [
    44.516908,
    -99.435427
  ],
  "406 3rd St NW, Huron, SD": [
    44.363243,
    -98.220786
  ],
  "1828 S Ohlman St, Mitchell, SD": [
    43.688763,
    -98.046679
  ],
  "310 N Railroad St, Wagner, SD": [
    44.99563,
    -98.496571
  ],
  "216 S E Railroad St, White Lake, SD": [
    43.727657,
    -98.713929
  ],
  "216 SE Railroad St, White Lake, SD": [
    43.728454,
    -98.711327
  ],
  "410 N Hwy 83, White River, SD": [
    43.569405,
    -100.749406
  ],
  "Hwy 28 & Jackson St, Willow Lake, SD": [
    44.630926,
    -97.643705
  ],
  "1326 E Hwy 44, Winner, SD": [
    43.376556,
    -99.836604
  ],
  "205 2nd St SW, Garrison, ND": [
    47.64919,
    -101.42193
  ],
  "21 Railroad St, Garrison, ND": [
    47.649429,
    -101.418077
  ],
  "207 Broadway St, Browns Valley, MN": [
    45.595255,
    -96.832505
  ],
  "23 4th St N, Browns Valley, MN": [
    45.596,
    -96.8341
  ],
  "503 S Main St, Chokio, MN": [
    45.570875,
    -96.173862
  ],
  "305 W 1st Ave S, Chokio, MN": [
    45.577339,
    -96.175493
  ],
  "136 NW 2nd St, Clinton, MN": [
    45.46019,
    -96.4367
  ],
  "31999 US Hwy 75, Clinton, MN": [
    45.443032,
    -96.43304
  ],
  "31999 U.S. Hwy 75, Clinton, MN": [
    45.443032,
    -96.43304
  ],
  "41135 County Rd 14, Elrosa, MN": [
    45.711983,
    -93.296505
  ],
  "30868 Hwy 71, Elrosa, MN": [
    45.569095,
    -94.94685
  ],
  "22327 138th Ave, Fergus Falls, MN": [
    46.286816,
    -96.204831
  ],
  "1511 11th Ave NE, Glenwood, MN": [
    45.660073,
    -95.367854
  ],
  "1000 Pacific Ave N, Herman, MN": [
    45.81368,
    -96.15159
  ],
  "11205 140th St, Hoffman, MN": [
    45.81728,
    -95.78376
  ],
  "208 Mill St, Johnson, MN": [
    45.572899,
    -96.295736
  ],
  "11 4th St NE, Kensington, MN": [
    45.779716,
    -95.6949
  ],
  "20298 Hwy 71, Long Prairie, MN": [
    45.92351,
    -94.8764
  ],
  "20298 US-71, Long Prairie, MN": [
    45.92351,
    -94.8764
  ],
  "516 Florence Ave, Lowry, MN": [
    45.706791,
    -95.516949
  ],
  "314 Pacific Ave, Morris, MN": [
    45.58421,
    -95.914019
  ],
  "860 Maple Ave, Ortonville, MN": [
    45.304158,
    -96.433048
  ],
  "210 E 8th St, Park Rapids, MN": [
    46.919983,
    -95.063105
  ],
  "12695 County 48, Park Rapids, MN": [
    46.949153,
    -95.103378
  ],
  "524 Pope St, Starbuck, MN": [
    45.613035,
    -95.522099
  ],
  "29338 State Hwy 210, Underwood, MN": [
    46.279568,
    -95.877478
  ],
  "1602 Morningside Dr, Milbank, SD": [
    45.22639,
    -96.60827
  ],
  "11920 BIA Hwy 700, Sisseton, SD": [
    45.658007,
    -97.061992
  ],
  "13653 SD Hwy 123, Wilmot, SD": [
    45.392908,
    -96.86193
  ],
  "106 CSAH 83, Callaway, MN": [
    45.10135,
    -94.63807
  ],
  "1111 S Main St, Crookston, MN": [
    47.764791,
    -96.615695
  ],
  "27157 290th St SW, Crookston, MN": [
    47.745668,
    -96.635491
  ],
  "33388 190th Ave, Erskine, MN": [
    47.68377,
    -96.068442
  ],
  "314 1st St N, Greenbush, MN": [
    48.70251,
    -96.17928
  ],
  "29598 State Hwy 89 NE, Grygla, MN": [
    48.30405,
    -95.6549
  ],
  "16943 Center St E, Hazel, MN": [
    48.019803,
    -96.105788
  ],
  "106 S Railway St, Mahnomen, MN": [
    47.3146,
    -95.96687
  ],
  "232 2nd Ave SE, Roseau, MN": [
    48.843865,
    -95.76018
  ],
  "315 Broadway Ave N, St. Hilaire, MN": [
    48.014409,
    -96.215159
  ],
  "315 Broadway Ave North, St. Hilaire, MN": [
    48.014409,
    -96.215159
  ],
  "456 S Main St, Warren, MN": [
    48.1907,
    -96.76779
  ],
  "323 West Main Street, Ashley, ND": [
    38.327585,
    -89.19271
  ],
  "302 West Main Street, Ashley, ND": [
    46.034477,
    -99.374624
  ],
  "403 1st St SW, Strasburg, ND": [
    46.073258,
    -96.907761
  ],
  "998 Main St, Strasburg, ND": [
    46.133794,
    -100.158339
  ],
  "Hwy 11 & 40th Ave SE, Venturia, ND": [
    46.027642,
    -99.545607
  ],
  "105 S Main, Blunt, SD": [
    44.51105,
    -99.98691
  ],
  "101 Railroad St, Dupree, SD": [
    43.11292,
    -96.94701
  ],
  "11103 Walnut Rd, Eureka, SD": [
    45.7677,
    -99.60998
  ],
  "513 6th St, Eureka, SD": [
    38.507064,
    -90.630354
  ],
  "201 Turney Ave, Fairfax, SD": [
    43.03076,
    -98.89004
  ],
  "39002 297th St, Fairfax, SD": [
    43.096812,
    -98.855338
  ],
  "107 Turney Ave, Fairfax, SD": [
    43.030833,
    -98.885472
  ],
  "609 9th Ave, Faulkton, SD": [
    45.029508,
    -99.126289
  ],
  "1231 Main St, Faulkton, SD": [
    45.034901,
    -99.131572
  ],
  "503 N Potter St, Gettysburg, SD": [
    45.015484,
    -99.950571
  ],
  "116 N Exene St, Gettysburg, SD": [
    45.011962,
    -99.955647
  ],
  "224 North Main Street, Isabel, SD": [
    45.39401,
    -101.43031
  ],
  "1100 S Main St, Kadoka, SD": [
    43.833807,
    -101.51024
  ],
  "305 Cedar Ave, Onida, SD": [
    44.70527,
    -100.072688
  ],
  "300 E Cherry St, Philip, SD": [
    44.03702,
    -101.66462
  ],
  "713 St Charles St, Pierre, SD": [
    43.089643,
    -99.112988
  ],
  "1919 E Sioux Ave, Pierre, SD": [
    44.35767,
    -100.324798
  ],
  "3103 132nd Ave, Selby, SD": [
    45.478531,
    -99.976293
  ],
  "207 S Railway St, Selby, SD": [
    45.502238,
    -100.029272
  ],
  "1510 3rd Ave, Selby, SD": [
    45.504253,
    -100.031002
  ],
  "31711 Harvest Rd, Winner, SD": [
    43.373169,
    -99.828938
  ],
  "610 County Rd 3 SW, Byron, MN": [
    44.948509,
    -93.287608
  ],
  "6219 Valleyhigh Rd NW, Byron, MN": [
    44.069017,
    -92.571712
  ],
  "1309 Frontage Rd NW, Byron, MN": [
    44.030837,
    -92.667571
  ],
  "135 W Front St, Claremont, MN": [
    44.043621,
    -92.997117
  ],
  "525 E Front St, Claremont, MN": [
    44.043268,
    -92.98745
  ],
  "806 2nd Ave NE, Grand Meadow, MN": [
    43.705813,
    -92.572757
  ],
  "106 County Road 8, Grand Meadow, MN": [
    43.706019,
    -92.56972
  ],
  "73057 State Hwy 16, Grand Meadow, MN": [
    43.70972,
    -92.58911
  ],
  "22575 770th Ave, Grand Meadow, MN": [
    43.675615,
    -92.511941
  ],
  "111 Center Ave N, Grand Meadow, MN": [
    43.705813,
    -92.572757
  ],
  "802 West Main Street, Kasson, MN": [
    44.029372,
    -92.759055
  ],
  "375 Highway 63 S, Ostrander, MN": [
    44.019319,
    -92.462964
  ],
  "201 N Main St, Ostrander, MN": [
    43.61547,
    -92.42869
  ],
  "17433 County 1, Ostrander, MN": [
    43.607948,
    -92.430941
  ],
  "208 North Main Street, Ostrander, MN": [
    43.61509,
    -92.42959
  ],
  "1332 Whitewater Ave, St. Charles, MN": [
    43.965012,
    -92.064821
  ],
  "335 N 10th St, St. Charles, MN": [
    43.968471,
    -92.064902
  ],
  "23142 Hwy 74, St. Charles, MN": [
    44.004284,
    -92.06707
  ],
  "216 East Front Street, Wykoff, MN": [
    43.70877,
    -92.26575
  ],
  "305 1st Ave SE, Belfield, ND": [
    46.883374,
    -103.196113
  ],
  "1722 Hwy 22 S, Dickinson, ND": [
    46.848965,
    -102.79083
  ],
  "1519 W Broadway, Dickinson, ND": [
    46.875444,
    -102.809469
  ],
  "527 E Broadway, Dickinson, ND": [
    46.877285,
    -102.77835
  ],
  "2204 Hiller Dr, Dickinson, ND": [
    46.878838,
    -102.787074
  ],
  "110 S Main St, Elgin, ND": [
    46.40169,
    -101.846304
  ],
  "471 Rothschiller St, Gladstone, ND": [
    46.862038,
    -102.568502
  ],
  "302 Mirror Lake Rd, Hettinger, ND": [
    45.998875,
    -102.639766
  ],
  "200 Railroad St, Killdeer, ND": [
    47.367824,
    -102.75406
  ],
  "170 Elevator Rd, New England, ND": [
    46.535385,
    -102.863893
  ],
  "4456 County Rd 139, New Salem, ND": [
    46.84163,
    -101.39927
  ],
  "505 Main Ave, New Salem, ND": [
    46.8419,
    -101.41331
  ],
  "103 S 3rd St, New Salem, ND": [
    46.843762,
    -101.409853
  ],
  "502 Railroad Ave, Reeder, ND": [
    47.596694,
    -98.919995
  ],
  "120 Cannonball St, Regent, ND": [
    46.762118,
    -100.768706
  ],
  "351 N Ave, Richardton, ND": [
    46.866625,
    -102.982235
  ],
  "3645 98th Ave SW, Taylor, ND": [
    46.883848,
    -102.522239
  ],
  "201 2nd St E, Lemmon, SD": [
    45.943215,
    -102.15596
  ],
  "1969 Hwy 9 S, Ada, MN": [
    47.28987,
    -96.51205
  ],
  "1969 Hwy 9 S Ada, Ada, MN": [
    46.852438,
    -96.505133
  ],
  "101 5th St, Beltrami, MN": [
    47.54077,
    -96.53084
  ],
  "120 Atlantic Ave, Felton, MN": [
    47.076699,
    -96.506521
  ],
  "3410 320th Ave, Foxhome, MN": [
    46.28051,
    -96.30646
  ],
  "2077 2nd St, Lake Park, MN": [
    46.88089,
    -96.09445
  ],
  "2077 2nd Street, Lake Park, MN": [
    46.88089,
    -96.09445
  ],
  "2360 US Hwy 59 S, Mahnomen, MN": [
    47.30176,
    -95.94841
  ],
  "1605 Industry Ave, Park Rapids, MN": [
    46.90613,
    -95.06385
  ],
  "1190 US Hwy 75, Perley, MN": [
    47.178804,
    -96.799978
  ],
  "1190 US Hwy 75 PO Box 439, Perley, MN": [
    47.178804,
    -96.799978
  ],
  "334 1st St SW PO Box 368, Ulen, MN": [
    47.080787,
    -96.259039
  ],
  "334 1st St SW, Ulen, MN": [
    47.080787,
    -96.259039
  ],
  "220 1st St SE PO Box 368, Ulen, MN": [
    47.076513,
    -96.259418
  ],
  "220 1st St SE, Ulen, MN": [
    47.076513,
    -96.259418
  ],
  "327 1st St SW, Ulen, MN": [
    47.080785,
    -96.259039
  ],
  "14937 IL Route 76, Caledonia, IL": [
    42.370476,
    -88.849293
  ],
  "14063 E Holcomb Rd, Davis Junction, IL": [
    42.06334,
    -89.07302
  ],
  "20048 Webster Rd, DeKalb, IL": [
    41.92447,
    -88.71377
  ],
  "4720 Yender Ave, Lisle, IL": [
    41.79745,
    -88.093818
  ],
  "20606 Willrett Rd, Malta, IL": [
    41.930242,
    -88.905323
  ],
  "5411 26th Ave, Rockford, IL": [
    42.236123,
    -89.018685
  ],
  "1925 S Meridian Rd, Rockford, IL": [
    42.254405,
    -89.17456
  ],
  "1500 Foundry St #1, St. Charles, IL": [
    41.918712,
    -88.332477
  ],
  "7851 183rd St, Tinley Park, IL": [
    41.55776,
    -87.80783
  ],
  "450 E Adams St, Waterman, IL": [
    41.768013,
    -88.769685
  ],
  "27310 W Case Rd, Wauconda, IL": [
    42.29537,
    -88.16491
  ],
  "1110 McConnell Rd, Woodstock, IL": [
    42.304346,
    -88.429177
  ],
  "100 S Main St, Axtell, NE": [
    40.478488,
    -99.126651
  ],
  "101 Main St, Axtell, NE": [
    40.47673,
    -99.12703
  ],
  "1 N Main St, Bladen, NE": [
    40.321267,
    -98.594733
  ],
  "1445 Chestnut St, Bloomington, NE": [
    40.101926,
    -99.033753
  ],
  "2291 Highway 281, Blue Hill, NE": [
    40.32025,
    -98.44468
  ],
  "2453 Hwy 4, Campbell, NE": [
    40.29154,
    -98.735254
  ],
  "202 W 7 Rd, Doniphan, NE": [
    40.784858,
    -98.252428
  ],
  "2014 Road 12, Fairmont, NE": [
    40.63792,
    -97.61964
  ],
  "1705 G St, Franklin, NE": [
    40.08946,
    -98.95009
  ],
  "104 Main St, Funk, NE": [
    40.460563,
    -99.250921
  ],
  "605 Giltner Spur, Giltner, NE": [
    40.77954,
    -98.15083
  ],
  "1030 S Heartland Ave, Hastings, NE": [
    40.569329,
    -98.290331
  ],
  "10445 N Apple Ave, Hastings, NE": [
    40.586121,
    -98.389909
  ],
  "265 N Showboat Blvd, Hastings, NE": [
    40.584384,
    -98.355995
  ],
  "7940 N Hayland Ave, Hayland, NE": [
    40.666088,
    -98.591209
  ],
  "509 S Railroad St, Hildreth, NE": [
    42.60433,
    -96.56319
  ],
  "509 S Railway St, Hildreth, NE": [
    40.33961,
    -99.04434
  ],
  "9870 S Main Ave, Holstein, NE": [
    40.4631,
    -98.65241
  ],
  "200 S Depot St, Juniata, NE": [
    40.592293,
    -98.506659
  ],
  "18250 W 26th St, Kenesaw, NE": [
    40.61189,
    -98.658793
  ],
  "411 W 2nd St, Lawrence, NE": [
    40.292054,
    -98.263266
  ],
  "815 N Brown Ave, Minden, NE": [
    40.502804,
    -98.95282
  ],
  "1593 Hwy 14, Nelson, NE": [
    40.21945,
    -98.06833
  ],
  "1593 NE-14, Nelson, NE": [
    40.21945,
    -98.06833
  ],
  "7940 N Hayland Ave, Prosser, NE": [
    40.666088,
    -98.591209
  ],
  "1228 Cross Ave, Ragan, NE": [
    40.309787,
    -99.289582
  ],
  "430 W Welsch St, Red Cloud, NE": [
    40.076969,
    -98.522093
  ],
  "521 S Webster St, Red Cloud, NE": [
    40.076896,
    -98.5182
  ],
  "340 Layne Rd, Republican City, NE": [
    40.094677,
    -99.217904
  ],
  "9309 S Lincoln Ave, Roseland, NE": [
    40.470141,
    -98.558442
  ],
  "991 Nebraska St, Ruskin, NE": [
    40.14262,
    -97.87059
  ],
  "100 S Main St, Saronville, NE": [
    40.6022,
    -97.93754
  ],
  "199 W Elm St, Sutton, NE": [
    40.607683,
    -97.869626
  ],
  "405 W Ash St, Sutton, NE": [
    40.612,
    -97.86455
  ],
  "104 W Elm St, Sutton, NE": [
    40.60738,
    -97.85991
  ],
  "647 Hartford St, Trumbull, NE": [
    40.67805,
    -98.27668
  ],
  "203 S Burr St, Wilcox, NE": [
    40.36374,
    -99.16882
  ],
  "15123 W Wood River Rd, Wood River, NE": [
    40.82924,
    -98.62936
  ],
  "402 N Hershey Rd, Bloomington, IL": [
    40.482365,
    -88.944111
  ],
  "325 Scott St, Chenoa, IL": [
    40.7456,
    -88.7247
  ],
  "1402 N Center St, Clinton, IL": [
    40.152712,
    -88.961145
  ],
  "1401 State Hwy 54 W, Clinton, IL": [
    40.152712,
    -88.961145
  ],
  "108 N Enterprise Dr, McLean, IL": [
    40.314413,
    -89.171074
  ],
  "1020 County Road 1600 N, Metamora, IL": [
    40.82161,
    -89.34639
  ],
  "1505 N Aurora St, Pontiac, IL": [
    40.89229,
    -88.624389
  ],
  "5520 N Route 23, Pontiac, IL": [
    40.878639,
    -88.62975
  ],
  "302 W Broad St, Roanoke, IL": [
    40.797083,
    -89.199614
  ],
  "1849 State Route 116, Roanoke, IL": [
    40.7929,
    -89.18706
  ],
  "101 S Locust St, Wapella, IL": [
    40.220752,
    -88.960541
  ],
  "301 N Chestnut St, Wapella, IL": [
    40.222958,
    -88.964025
  ],
  "11229 60th St NE, Albertville, MN": [
    45.237723,
    -93.65771
  ],
  "303 Dahlin Ave, Isanti, MN": [
    45.492246,
    -93.245418
  ],
  "405 N Hill Ave, Ogilvie, MN": [
    45.832399,
    -93.425235
  ],
  "825 S Bremer Ave, Rush City, MN": [
    45.680357,
    -92.962574
  ],
  "531 Main St, Adams, NE": [
    40.459816,
    -96.509221
  ],
  "9639 E State Hwy 41, Adams, NE": [
    40.463572,
    -96.589736
  ],
  "531 Main Street PO Box 77, Adams, NE": [
    40.459816,
    -96.509221
  ],
  "2493 State Hwy 14, Albion, NE": [
    41.698358,
    -98.00807
  ],
  "779 County Road F, Ashland, NE": [
    41.13161,
    -96.4413
  ],
  "504 10th St, Auburn, NE": [
    40.395175,
    -95.832619
  ],
  "304 Maiden, Avoca, NE": [
    33.40195,
    -86.84873
  ],
  "47271 N 216th Ave, Belgrade, NE": [
    41.462005,
    -98.069537
  ],
  "47271 N 216th Ave PO Box 66, Belgrade, NE": [
    41.462005,
    -98.069537
  ],
  "508 Maple St, Bellwood, NE": [
    41.3422,
    -97.23609
  ],
  "508 Maple Street PO Box 10, Bellwood, NE": [
    41.3422,
    -97.23609
  ],
  "355 Hackberry St, Bennet, NE": [
    40.678418,
    -96.507019
  ],
  "211 S Lincoln St, Brainard, NE": [
    41.182044,
    -96.999906
  ],
  "211 South Lincoln, Brainard, NE": [
    41.182044,
    -96.999906
  ],
  "211 South Lincoln PO Box 37, Brainard, NE": [
    41.182044,
    -96.999906
  ],
  "405 Main St, Brock, NE": [
    40.484699,
    -95.959312
  ],
  "402 S 2nd St, Bruno, NE": [
    41.284399,
    -96.960001
  ],
  "333 Main St, Burr, NE": [
    40.53553,
    -96.300485
  ],
  "333 Main Street PO Box 68, Burr, NE": [
    40.53553,
    -96.300485
  ],
  "1771 County Road X, Cedar Bluffs, NE": [
    41.39299,
    -96.63094
  ],
  "100 E Main St, Cedar Bluffs, NE": [
    41.397022,
    -96.608099
  ],
  "204 S Park St, Cedar Bluffs, NE": [
    41.395554,
    -96.609387
  ],
  "204 S Park Street PO Box 69, Cedar Bluffs, NE": [
    41.395554,
    -96.609387
  ],
  "321 S 1st St, Ceresco, NE": [
    41.057619,
    -96.642886
  ],
  "115 W Pine St, Ceresco, NE": [
    41.056201,
    -96.64471
  ],
  "321 South 1st Street PO Box 6, Ceresco, NE": [
    41.057619,
    -96.642886
  ],
  "1854 14th Ave, Columbus, NE": [
    41.43414,
    -97.34305
  ],
  "2175 14th Ave, Columbus, NE": [
    41.436518,
    -97.343304
  ],
  "24072 310th Ave, Columbus, NE": [
    41.47351,
    -97.521712
  ],
  "2175 14th Avenue PO Box 1129, Columbus, NE": [
    41.436518,
    -97.343304
  ],
  "202 S 3rd St, Cook, NE": [
    40.508533,
    -96.163726
  ],
  "202 S 3rd Street PO Box 68, Cook, NE": [
    40.508533,
    -96.163726
  ],
  "3541 O Road, David City, NE": [
    41.256163,
    -97.102153
  ],
  "3745 21st St, David City, NE": [
    41.252808,
    -97.130186
  ],
  "912 Hwy 30, Duncan, NE": [
    41.388415,
    -97.492236
  ],
  "141 E Maple, Dwight, NE": [
    41.08145,
    -97.01794
  ],
  "141 East Maple PO Box 36, Dwight, NE": [
    41.08223,
    -97.01813
  ],
  "400 Railway, Eagle, NE": [
    40.817339,
    -96.430658
  ],
  "425 Elk St, Elk Creek, NE": [
    40.285449,
    -96.129137
  ],
  "304 S 3rd St, Elmwood, NE": [
    40.83901,
    -96.29622
  ],
  "304 S 3rd Street PO Box 40, Elmwood, NE": [
    40.83901,
    -96.29622
  ],
  "1161 30th Rd, Garrison, NE": [
    41.17631,
    -97.16712
  ],
  "222 Willard St, Genoa, NE": [
    41.448544,
    -97.729342
  ],
  "219 Highway 6, Greenwood, NE": [
    40.961491,
    -96.44321
  ],
  "219 Highway 6 PO Box 210, Greenwood, NE": [
    40.961491,
    -96.44321
  ],
  "2321 Road 14, Howells, NE": [
    41.71704,
    -97.00348
  ],
  "3333 Landmark Cir, Lincoln, NE": [
    40.86182,
    -96.66881
  ],
  "2800 Leighton Ave, Lincoln, NE": [
    40.835731,
    -96.680629
  ],
  "219 Manley Ln, Manley, NE": [
    40.91851,
    -96.16471
  ],
  "219 Manley Lane PO Box 68, Manley, NE": [
    40.91851,
    -96.16471
  ],
  "17600 S 1st St, Martell, NE": [
    40.638956,
    -96.755784
  ],
  "17600 S 1st Street PO Box 74, Martell, NE": [
    40.638956,
    -96.755784
  ],
  "1551 County Road 11, Mead, NE": [
    41.22651,
    -96.50567
  ],
  "739 County Rd 10, Mead, NE": [
    41.112207,
    -96.4926
  ],
  "1390 County Road 10, Mead, NE": [
    41.196585,
    -96.48373
  ],
  "1551 County Road 11 PO Box 154, Mead, NE": [
    41.22651,
    -96.50567
  ],
  "410 E 3rd St, Mead, NE": [
    41.228256,
    -96.484312
  ],
  "410 East 3rd Street PO Box 154, Mead, NE": [
    41.228256,
    -96.484312
  ],
  "417 Railroad, Murdock, NE": [
    40.924825,
    -96.279146
  ],
  "1301 8th Corso, Nebraska City, NE": [
    40.66875,
    -95.86147
  ],
  "1114 4th Corso, Nebraska City, NE": [
    40.672973,
    -95.860285
  ],
  "300 Main St, Nehawka, NE": [
    40.829507,
    -95.991994
  ],
  "300 Main Street PO Box 159, Nehawka, NE": [
    40.829507,
    -95.991994
  ],
  "351 Cottonwood St, North Bend, NE": [
    41.46065,
    -96.79196
  ],
  "810 Central St, Osceola, NE": [
    41.118784,
    -97.594198
  ],
  "125 Front St, Palmyra, NE": [
    40.702816,
    -96.388156
  ],
  "125 Front Street PO Box 8, Palmyra, NE": [
    40.702816,
    -96.388156
  ],
  "13200 42nd St, Plattsmouth, NE": [
    40.971698,
    -95.979833
  ],
  "303 Railroad Ave, Prague, NE": [
    41.33313,
    -96.83753
  ],
  "5600 N 148th St, Prairie Home, NE": [
    40.866336,
    -96.521008
  ],
  "5600 N 148th St PO Box 70, Prairie Home, NE": [
    40.866336,
    -96.521008
  ],
  "1199 Rd. E, Schuyler, NE": [
    41.4518,
    -97.0403
  ],
  "840 West 13th Street, Schuyler, NE": [
    41.449758,
    -97.070087
  ],
  "405 Front St, Silver Creek, NE": [
    42.544491,
    -79.167639
  ],
  "916 Hwy 30, Silver Creek, NE": [
    41.316624,
    -97.658114
  ],
  "3221 35th Road, Silver Creek, NE": [
    41.330055,
    -97.633894
  ],
  "262 Pearl Street PO Box 8, St. Mary, NE": [
    47.604854,
    -65.624093
  ],
  "3176 K Rd, Syracuse, NE": [
    40.63878,
    -96.16191
  ],
  "2960 E Road, Syracuse, NE": [
    40.724802,
    -96.182254
  ],
  "501 1st Street, Syracuse, NE": [
    40.653341,
    -96.183962
  ],
  "108 1st Street, Tarnov, NE": [
    41.615919,
    -97.500872
  ],
  "600 S 10th Street, Tecumseh, NE": [
    40.36219,
    -96.186525
  ],
  "62042 Hwy 41, Tecumseh, NE": [
    40.425244,
    -96.191674
  ],
  "700 N Spruce St, Wahoo, NE": [
    41.21255,
    -96.61258
  ],
  "700 N Spruce, Wahoo, NE": [
    41.21255,
    -96.61258
  ],
  "1566 County Rd M, Wahoo, NE": [
    41.235969,
    -96.599229
  ],
  "1621 S 118th St, Walton, NE": [
    40.796774,
    -96.562369
  ],
  "10741 N 142nd St, Waverly, NE": [
    40.917272,
    -96.528638
  ],
  "10741 N 142nd Street PO Box 70, Waverly, NE": [
    40.917272,
    -96.528638
  ],
  "335 N Pine, Weston, NE": [
    41.19241,
    -96.74335
  ],
  "335 North Pine PO Box 150, Weston, NE": [
    41.19241,
    -96.74335
  ],
  "1250 N Edgewood Dr, Fowler, MI": [
    43.006426,
    -84.751335
  ],
  "3151 W Fillmore Rd, Ithaca, MI": [
    43.276632,
    -84.660951
  ],
  "6379 Garfield Rd, Middleton, MI": [
    43.192404,
    -84.723554
  ],
  "12804 Drive In Rd, Breese, IL": [
    38.609109,
    -89.553264
  ],
  "503 Main St, Evansville, IL": [
    38.090974,
    -89.938406
  ],
  "2161 Levee Rd, Fults, IL": [
    38.16467,
    -90.27628
  ],
  "10349 Riverview Ln, Red Bud, IL": [
    38.187078,
    -89.899458
  ],
  "221 E Pine St, Red Bud, IL": [
    38.214232,
    -89.992784
  ],
  "314 S Hirons St, Waltonville, IL": [
    38.210891,
    -89.040011
  ],
  "221 4th Ave NW, Clarion, IA": [
    42.735481,
    -93.734991
  ],
  "2150 Hancock Ave, Clarion, IA": [
    42.737557,
    -93.83168
  ],
  "115 E Broadway, Eagle Grove, IA": [
    42.664422,
    -93.90247
  ],
  "302 4th Street, Livermore, IA": [
    42.86984,
    -94.18523
  ],
  "316 Ann St, Thor, IA": [
    42.69134,
    -94.04924
  ],
  "120 York Ave, Renwick, IA": [
    42.83194,
    -93.97235
  ],
  "103 N Main St, Woden, IA": [
    43.23182,
    -93.91135
  ],
  "540 225th St, Britt, IA": [
    43.091821,
    -93.883759
  ],
  "406 E K St, Forest City, IA": [
    43.26446,
    -93.63402
  ],
  "209 1st Street, Corwith, IA": [
    42.99307,
    -93.955792
  ],
  "222 W Broadway, Leland, IA": [
    43.33734,
    -93.6376
  ],
  "W 3rd St & S 8th St, Lostant, IL": [
    41.142607,
    -89.060189
  ],
  "536 N 15th Rd, Lostant, IL": [
    41.147265,
    -89.059308
  ],
  "1001 N 16th Rd, Lostant, IL": [
    41.89619,
    -87.85253
  ],
  "1901 13th Ave, Mendota, IL": [
    41.519098,
    -89.126979
  ],
  "183 N 40th Rd, Mendota, IL": [
    41.513729,
    -89.130441
  ],
  "1100 W 8th St, Mendota, IL": [
    41.548051,
    -89.118435
  ],
  "11230 N State Route 47, Morris, IL": [
    41.448034,
    -88.421892
  ],
  "11230 N Route 47, Morris, IL": [
    41.448034,
    -88.421892
  ],
  "932 Armstrong St, Morris, IL": [
    41.364997,
    -88.410608
  ],
  "10200 Lisbon Rd, Newark, IL": [
    41.429427,
    -88.46938
  ],
  "202 IL-71, Newark, IL": [
    41.44542,
    -88.6882
  ],
  "9512 W Helmar Rd, Newark, IL": [
    41.54532,
    -88.434449
  ],
  "4200 MBL Dr, Ottawa, IL": [
    41.383847,
    -88.82924
  ],
  "12472 Penn Rd, Polo, IL": [
    41.94596,
    -89.578958
  ],
  "201 E Campbell, Ransom, IL": [
    41.159155,
    -88.652785
  ],
  "1200 E Shipyard Rd, Seneca, IL": [
    41.309279,
    -88.598767
  ],
  "3807 E 2276th Rd, Serena, IL": [
    41.48657,
    -88.732938
  ],
  "2401 N Bloomington St, Streator, IL": [
    41.150385,
    -88.835093
  ],
  "100 Hillcrest St, Adair, IA": [
    41.4965,
    -94.63905
  ],
  "100 Hillcrest St, PO Box 308, Adair, IA": [
    41.4965,
    -94.63905
  ],
  "728 SE Creek View Dr, Ankeny, IA": [
    41.731892,
    -93.60456
  ],
  "1308 E Howard St, Creston, IA": [
    41.060624,
    -94.344356
  ],
  "705 N 1st St, Guthrie Center, IA": [
    41.683779,
    -94.508442
  ],
  "16725 245th St, Mason City, IA": [
    43.11667,
    -93.18815
  ],
  "1809 Central Ave, Northwood, IA": [
    43.44342,
    -93.207938
  ],
  "1820 State St, Osage, IA": [
    43.28288,
    -92.793179
  ],
  "21822 160th St, Rockwell, IA": [
    42.99538,
    -93.086869
  ],
  "21823 160th St, Rockwell, IA": [
    42.992877,
    -93.085944
  ],
  "120 S 4th St, Seymour, IA": [
    40.680489,
    -93.119425
  ],
  "4546 Corporate Dr, Suite 170, West Des Moines, IA": [
    41.597487,
    -93.766868
  ],
  "100 E Hillcrest St, Adair, IL": [
    40.418053,
    -90.49949
  ],
  "9960 E 2100th St, Adair, IL": [
    40.424119,
    -90.50685
  ],
  "309 E Yates, Allerton, IL": [
    39.908793,
    -87.939007
  ],
  "1899 E 2500th St, Camp Point, IL": [
    40.034,
    -91.03146
  ],
  "601 W Main St, Casey, IL": [
    39.29609,
    -88.001352
  ],
  "1695 N 21st St, Decatur, IL": [
    39.85956,
    -88.92858
  ],
  "4440 IL Route 72, Kirkland, IL": [
    42.086814,
    -88.860612
  ],
  "3559 E County Road 1000N, Mattoon, IL": [
    39.52165,
    -88.40496
  ],
  "1992 Old Grace Rd, Meredosia, IL": [
    39.80928,
    -90.561776
  ],
  "50 W Chestnut St, Minonk, IL": [
    40.911703,
    -89.035803
  ],
  "2800 E US Hwy 36 N, Newman, IL": [
    39.79262,
    -87.94302
  ],
  "2800 E US Hwy 36, Newman, IL": [
    39.79262,
    -87.94302
  ],
  "2929 N 1300th Ave, Orion, IL": [
    41.339233,
    -90.378178
  ],
  "2929 N 1300 Ave, Orion, IL": [
    41.339233,
    -90.378178
  ],
  "1870 Backbone Rd W, Princeton, IL": [
    41.392491,
    -89.492842
  ],
  "3742 State Route 1, Ridge Farm, IL": [
    39.921513,
    -87.64899
  ],
  "311 N Walnut St, Atlanta, IN": [
    40.21959,
    -86.02748
  ],
  "205 E Parr Rd, Berne, IN": [
    40.666111,
    -84.948477
  ],
  "2875 W 300 N, Bluffton, IN": [
    40.785856,
    -85.277223
  ],
  "75 W 200 N, Camden, IN": [
    40.576737,
    -86.526506
  ],
  "2300 N 700 E, Craigville, IN": [
    40.775996,
    -85.091139
  ],
  "321 Thurman Poe Way, Huntington, IN": [
    40.89624,
    -85.444324
  ],
  "10004 S 100 E, Lafayette, IN": [
    40.27294,
    -86.88527
  ],
  "3113 N 650 W, Ligonier, IN": [
    41.39716,
    -85.54887
  ],
  "325 E Logan St, Markle, IN": [
    40.829899,
    -85.332568
  ],
  "54300 Walnut Rd, New Carlisle, IN": [
    41.703639,
    -86.47552
  ],
  "502 W Oxford St, Otterbein, IN": [
    40.490095,
    -87.10234
  ],
  "4640 7 Mile Rd, Bay City, MI": [
    43.605981,
    -84.033326
  ],
  "5146 Peck Rd, Croswell, MI": [
    43.263954,
    -82.614155
  ],
  "1261 S Jackson St, Dansville, MI": [
    42.549587,
    -84.302317
  ],
  "2272 N Van Dyke Rd, Imlay City, MI": [
    43.103058,
    -83.071043
  ],
  "3477 S Graham Rd (M-52), Saginaw, MI": [
    43.373063,
    -84.128533
  ],
  "37 W 3rd St, Shelby, MI": [
    43.610198,
    -86.3644
  ],
  "4250 S Huron Rd, Standish, MI": [
    43.964023,
    -83.959803
  ],
  "7460 N Crystal Rd, Vestaburg, MI": [
    43.400218,
    -84.90458
  ],
  "125 N M 140, Watervliet, MI": [
    42.116119,
    -86.261418
  ],
  "16250 Highway 10 NW, Royalton, MN": [
    45.804537,
    -94.268222
  ],
  "2804 E Villard St, Dickinson, ND": [
    46.87612,
    -102.74001
  ],
  "3552 81st Ave SE, Jamestown, ND": [
    46.900041,
    -98.753262
  ],
  "103 McKenzie Ave, New England, ND": [
    46.537513,
    -102.864995
  ],
  "6470 28th Ave NE, Rugby, ND": [
    48.350633,
    -100.019793
  ],
  "1164 Highway 1806 W, Watford City, ND": [
    47.81436,
    -103.21776
  ],
  "1800 Main Ave E, West Fargo, ND": [
    46.878288,
    -96.870198
  ],
  "52345 Hwy 20, Brunswick, NE": [
    42.34074,
    -98.04091
  ],
  "700 E Eisenhower Ave, Norfolk, NE": [
    42.05719,
    -97.39974
  ],
  "900 N Charde Ave, Oakland, NE": [
    41.843669,
    -96.464568
  ],
  "10301 S 152nd St Ste 1, Omaha, NE": [
    41.157495,
    -96.149214
  ],
  "104 N Main St, Osmond, NE": [
    42.35656,
    -97.601307
  ],
  "16601 E Twp Rd 178, Bellevue, OH": [
    41.273838,
    -82.841447
  ],
  "7978 Bowling Green Rd E, Bowling Green, OH": [
    41.362678,
    -83.551997
  ],
  "3971 Burkettsville St. Henry Rd, Coldwater, OH": [
    40.46408,
    -84.648872
  ],
  "3971 Burkettsville Saint Hen Rd, Coldwater, OH": [
    40.46408,
    -84.648872
  ],
  "3971 Burkettsville Saint Henry Rd, Coldwater, OH": [
    40.46408,
    -84.648872
  ],
  "3014 N Martin Williston Rd, Martin, OH": [
    41.55979,
    -83.339308
  ],
  "531 Spruce St, Alexandria, SD": [
    43.65538,
    -97.7883
  ],
  "300 Railroad Ave S, Clear Lake, SD": [
    44.756617,
    -96.680015
  ],
  "28662 452nd Ave, Hurley, SD": [
    43.234321,
    -97.160421
  ],
  "110 E Neosho St, Iroquois, SD": [
    44.369472,
    -97.852962
  ],
  "620 SW 3rd St, Madison, SD": [
    44.001585,
    -97.123371
  ],
  "2301 293rd Ave, Pierre, SD": [
    44.400014,
    -100.29129
  ],
  "38731 US Hwy 16, Plankinton, SD": [
    43.71108,
    -98.45956
  ],
  "514 SD Hwy. 37, Tripp, SD": [
    43.184553,
    -97.971605
  ],
  "301 S West St, Gibson City, IL": [
    40.46227,
    -88.38049
  ],
  "1643 N US Hwy 45, Gilman, IL": [
    40.741477,
    -88.031823
  ],
  "1381 S Crescent St, Gilman, IL": [
    40.75008,
    -87.99577
  ],
  "472 E State Route 54, Onarga, IL": [
    40.71481,
    -88.03746
  ],
  "313 E Walnut St, Watseka, IL": [
    40.776157,
    -87.730072
  ],
  "1665 S State Road 55, Goodland, IN": [
    40.755641,
    -87.324673
  ],
  "7737 W 600 S, Goodland, IN": [
    40.350984,
    -85.128981
  ],
  "5202 S Old US 41, Morocco, IN": [
    40.922948,
    -87.444843
  ],
  "806 N Polk St, Morocco, IN": [
    40.95161,
    -87.450211
  ],
  "5202 S Old US Highway 41, Morocco, IN": [
    40.946138,
    -87.453407
  ],
  "911 N Cullen St, Rensselaer, IN": [
    40.94389,
    -87.15412
  ],
  "2130 N Melville St, Rensselaer, IN": [
    -0.895779,
    119.867997
  ],
  "1001 S Main St, Alvin, IL": [
    38.252955,
    -87.993611
  ],
  "300 IL-130, Arcola, IL": [
    39.695104,
    -88.17758
  ],
  "1806 E Leverett Rd, Champaign, IL": [
    40.18957,
    -88.20881
  ],
  "1009 CR 3000 N, Dewey, IL": [
    40.310672,
    -88.268647
  ],
  "998 N State Rte 49, Newman, IL": [
    39.79495,
    -87.938951
  ],
  "500 W Jasper St, Paris, IL": [
    39.602858,
    -87.703336
  ],
  "425 N 3rd St, Potomac, IL": [
    40.472078,
    -87.667329
  ],
  "6637 E 3050 N Rd, Potomac, IL": [
    40.307249,
    -87.815412
  ],
  "3044 N 470 East Rd, Sidell, IL": [
    39.910233,
    -87.855277
  ],
  "1213 County Rd 800 N, Tolono, IL": [
    39.995824,
    -88.266744
  ],
  "103 S Long St, Tolono, IL": [
    39.985269,
    -88.263166
  ],
  "1509 E University Ave, Urbana, IL": [
    40.115189,
    -88.188445
  ],
  "410 Faulkner Lane, Ackley, IA": [
    42.613519,
    -93.085191
  ],
  "31578 County Hwy S27, Garden City, IA": [
    42.244008,
    -93.394589
  ],
  "115 East Oak St, Hubbard, IA": [
    42.305563,
    -93.297268
  ],
  "205 11th St NE, Independence, IA": [
    42.468719,
    -91.891759
  ],
  "1100 S 5th St, Manchester, IA": [
    42.47289,
    -91.46414
  ],
  "2369 Jessup Ave, Marshalltown, IA": [
    42.011159,
    -93.058982
  ],
  "1760 Washburn Ave, Masonville, IA": [
    42.533399,
    -91.645832
  ],
  "2010 S Main St, Monticello, IA": [
    42.210986,
    -91.190251
  ],
  "27654 County Hwy S55, New Providence, IA": [
    42.300914,
    -93.171509
  ],
  "24701 Oran St, Oran, IA": [
    42.69989,
    -92.0741
  ],
  "302 East St, Union, IA": [
    42.247982,
    -93.0598
  ],
  "2110 9th St SW, Waukon, IA": [
    43.244547,
    -91.486854
  ],
  "201 First St, Williams, IA": [
    42.489199,
    -93.545996
  ],
  "6922 N County Rd 100 E, Bainbridge, IN": [
    39.76058,
    -86.83089
  ],
  "27 W 250 S, Bringhurst, IN": [
    40.511758,
    -86.525388
  ],
  "2112 Indianapolis Rd, Crawfordsville, IN": [
    40.03634,
    -86.8645
  ],
  "411 W Kelley Rd, Frankfort, IN": [
    40.26409,
    -86.50758
  ],
  "66058 County Road 15, Goshen, IN": [
    41.53632,
    -85.904789
  ],
  "200 Advance South St, Jamestown, IN": [
    39.991857,
    -86.617961
  ],
  "3354 US 52 South, Lafayette, IN": [
    40.375875,
    -86.837445
  ],
  "4145 W CR 400 S, Logansport, IN": [
    40.706181,
    -86.451391
  ],
  "12728 N Coop Rd, Oaktown, IN": [
    38.871202,
    -87.441045
  ],
  "2988 W Old Hwy 54, Sullivan, IN": [
    39.095414,
    -87.408389
  ],
  "409 N Country Market Ln, Vincennes, IN": [
    38.68327,
    -87.42689
  ],
  "4645 E Washington St, Hamilton, MI": [
    42.683129,
    -86.011615
  ],
  "105 Garfield Ave, Farnhamville, IA": [
    42.274321,
    -94.403877
  ],
  "100 East Walnut St, Gowrie, IA": [
    41.476034,
    -95.222169
  ],
  "3571 Indiana Ave, Gowrie, IA": [
    42.272621,
    -94.24542
  ],
  "19 130th St, Paton, IA": [
    42.166741,
    -94.161045
  ],
  "1500 N Mulberry St, Jefferson, IA": [
    42.02816,
    -94.369526
  ],
  "300 E Stanford St, Jefferson, IA": [
    42.02844,
    -94.37215
  ],
  "406 1st St, Ralston, IA": [
    42.042237,
    -94.637569
  ],
  "1095 T Ave, Boone, IA": [
    42.051072,
    -93.800456
  ],
  "1079 T Ave, Boone, IA": [
    42.053492,
    -93.797686
  ],
  "29 Beech St, Boxholm, IA": [
    42.17682,
    -94.10583
  ],
  "120 3rd St, Beaver, IA": [
    42.03624,
    -94.14244
  ],
  "3725 TR 247, Arcadia, OH": [
    41.112994,
    -83.543812
  ],
  "18491 CR 182, Arlington, OH": [
    40.899489,
    -83.613368
  ],
  "18491 County Road 182, Arlington, OH": [
    40.899489,
    -83.613368
  ],
  "9266 Custar Rd, Custar, OH": [
    41.289258,
    -83.841643
  ],
  "6566 County Road 236, Findlay, OH": [
    41.071811,
    -83.593087
  ],
  "501 S Countyline St, Fostoria, OH": [
    41.152486,
    -83.422971
  ],
  "3864 SR 613, McComb, OH": [
    41.107494,
    -83.806714
  ],
  "3864 State Route 613, McComb, OH": [
    41.107494,
    -83.806714
  ],
  "104 N Todd St, McComb, OH": [
    41.10821,
    -83.79205
  ],
  "16490 SR 696, Pandora, OH": [
    40.942177,
    -83.977132
  ],
  "701 Henry St, Jacksonville, IL": [
    39.72495,
    -90.21927
  ],
  "97 N Commercial St, Winchester, IL": [
    39.632533,
    -90.462392
  ],
  "309 N Clinton, Bunker Hill, IL": [
    39.044345,
    -89.955216
  ],
  "130 N Chiles St, Carlinville, IL": [
    39.281628,
    -89.887262
  ],
  "147 E Madison, Girard, IL": [
    41.874771,
    -88.014729
  ],
  "511 E State St, Irving, IL": [
    39.20997,
    -89.40059
  ],
  "1600 N Old Rte 66, Litchfield, IL": [
    39.186844,
    -89.663719
  ],
  "1600 N Old Route 66, Litchfield, IL": [
    39.186844,
    -89.663719
  ],
  "411 E Division St, Marine, IL": [
    38.786842,
    -89.774703
  ],
  "2626 1st Ave S, Fort Dodge, IA": [
    42.505943,
    -94.161031
  ],
  "2604 1st Ave S, Fort Dodge, IA": [
    42.505762,
    -94.16169
  ],
  "700 Eagle St, Duncombe, IA": [
    42.47118,
    -93.99286
  ],
  "100 Center Avenue, Badger, IA": [
    42.615949,
    -94.146529
  ],
  "1941 Dakota Avenue, Barnum, IA": [
    42.51118,
    -94.38472
  ],
  "100 N. Hood Street, Clare, IA": [
    42.587621,
    -94.344468
  ],
  "116 1st Ave E, Knierim, IA": [
    42.45487,
    -94.455825
  ],
  "1216 3rd St, Lohrville, IA": [
    42.269126,
    -94.536835
  ],
  "2024 390th St, Harcourt, IA": [
    42.223682,
    -94.199892
  ],
  "200 N 1st St, Lanesboro, IA": [
    42.1851,
    -94.68862
  ],
  "2272 Neola Ave, Jefferson, IA": [
    41.896162,
    -94.368658
  ],
  "1767 Knoke Dr, Pomeroy, IA": [
    42.517027,
    -94.765607
  ],
  "205 E Center St, Pomeroy, IA": [
    42.552522,
    -94.681469
  ],
  "2784 320th St, Rockwell City, IA": [
    42.32417,
    -94.5775
  ],
  "1208 Main St, Moorland, IA": [
    42.413223,
    -94.35715
  ],
  "2148 250th St, Otho, IA": [
    42.425424,
    -94.174769
  ],
  "206 N 1st St, Vincent, IA": [
    42.590245,
    -94.020732
  ],
  "1 Sumner Ave, Humboldt, IA": [
    42.721829,
    -94.208243
  ],
  "2237 220th St, Humboldt, IA": [
    42.73218,
    -94.20026
  ],
  "206 Main St, Palmer, IA": [
    42.629039,
    -94.603192
  ],
  "1524 S Bell Ave, Ames, IA": [
    42.00894,
    -93.57455
  ],
  "14314 310th St, Conrad, IA": [
    42.252061,
    -92.93698
  ],
  "1017 Ogan Ave, Grinnell, IA": [
    41.724875,
    -92.722882
  ],
  "3434 E Eagle Rd, La Porte City, IA": [
    42.34077,
    -92.29
  ],
  "5616 IA-14, Newton, IA": [
    41.820288,
    -92.984732
  ],
  "253 County Hwy S52, Newton, IA": [
    41.699697,
    -93.174258
  ],
  "253 Hwy S-52 N, Newton, IA": [
    41.74075,
    -93.17468
  ],
  "253 Co Hwy S52, Newton, IA": [
    41.699697,
    -93.174258
  ],
  "400 1st St, Rockwell City, IA": [
    42.395198,
    -94.630085
  ],
  "2670 Marshall Ave, Rockwell City, IA": [
    42.402649,
    -94.668862
  ],
  "4385 190th Ave, Royal, IA": [
    43.012436,
    -95.211931
  ],
  "303 2nd Ave, Royal, IA": [
    43.062413,
    -95.282765
  ],
  "103 3rd Ave NE #A, State Center, IA": [
    42.018091,
    -93.160441
  ],
  "108 S West St, Toledo, IA": [
    41.994672,
    -92.583662
  ],
  "806 1st Ave, Van Horne, IA": [
    42.007162,
    -92.095501
  ],
  "1903 W 13th St, Vinton, IA": [
    42.161144,
    -92.045672
  ],
  "701 1st St, Battle Creek, IA": [
    42.31475,
    -95.599659
  ],
  "112 Granite Ave, Breda, IA": [
    42.179651,
    -94.973892
  ],
  "1823 Brooks Road, Corning, IA": [
    40.978356,
    -94.771998
  ],
  "306 W Hwy 37, Dunlap, IA": [
    41.85774,
    -95.603122
  ],
  "101 W Elevator St, Gibson, IA": [
    41.480855,
    -92.392611
  ],
  "317 W Kimball St, Hancock, IA": [
    41.38985,
    -95.36561
  ],
  "5655 State Hwy 175, Ida Grove, IA": [
    42.34824,
    -95.507282
  ],
  "14303 Highway 22, Keswick, IA": [
    41.448498,
    -92.239553
  ],
  "909 Highway 218 N, La Porte City, IA": [
    42.322951,
    -92.200149
  ],
  "419 Wapello St North, Mediapolis, IA": [
    41.01132,
    -91.17051
  ],
  "119 N Walnut St, Odebolt, IA": [
    42.314151,
    -95.251909
  ],
  "100 N Commercial St, Reinbeck, IA": [
    42.326764,
    -92.600578
  ],
  "200 1st Ave, Van Horne, IA": [
    42.006614,
    -92.087217
  ],
  "303 SW Arch St, Atlanta, IL": [
    40.255356,
    -89.238851
  ],
  "7001 W Parks School Road, Princeville, IL": [
    40.872495,
    -89.703334
  ],
  "205 County Road 35 E, Adrian, MN": [
    43.63687,
    -95.92575
  ],
  "20190 US Highway 10 NW, Big Lake, MN": [
    45.337285,
    -93.782403
  ],
  "2424 240th St, Hallock, MN": [
    48.746356,
    -96.924932
  ],
  "10 Viking Drive, Kensington, MN": [
    45.779006,
    -95.699699
  ],
  "1358 Highway 65, Mora, MN": [
    45.78274,
    -93.29079
  ],
  "308 W 2nd St, Cozad, NE": [
    40.855,
    -99.9896
  ],
  "86952 573 Ave, Laurel, NE": [
    42.422929,
    -97.076528
  ],
  "4505 Dakota Ave, South Sioux City, NE": [
    42.445149,
    -96.416682
  ],
  "407 E Jackson St, Auburn, IL": [
    39.587946,
    -89.736531
  ],
  "2950 Illinois Highway 104, Franklin, IL": [
    39.61776,
    -90.04945
  ],
  "908 Prairie Mills Rd, Golden, IL": [
    40.10589,
    -91.01415
  ],
  "24580 Jellystone Ave, Greenview, IL": [
    40.034836,
    -89.723886
  ],
  "6299 LaPrairie Rd, Huntsville, IL": [
    40.141292,
    -90.857643
  ],
  "1905 W Morton Ave, Jacksonville, IL": [
    39.721704,
    -90.267816
  ],
  "1132 Veterans Dr, Jacksonville, IL": [
    39.720785,
    -90.24378
  ],
  "104 W Railroad St, Mount Sterling, IL": [
    39.980972,
    -90.768708
  ],
  "1644 US-24, Paloma, IL": [
    40.0226,
    -91.19819
  ],
  "1201 E Washington St, Pittsfield, IL": [
    39.60665,
    -90.788954
  ],
  "551 Macomb Rd, Rushville, IL": [
    40.12672,
    -90.569445
  ],
  "1303 9th Ave, Manson, IA": [
    42.527795,
    -94.532264
  ],
  "320 West Main, Laurens, IA": [
    42.84697,
    -94.85252
  ],
  "101 North Main St, Pocahontas, IA": [
    42.732934,
    -94.669062
  ],
  "500 South Public St, Bradgate, IA": [
    42.801607,
    -94.418974
  ],
  "601 Broad St, Rolfe, IA": [
    42.813033,
    -94.530008
  ],
  "402 Jackson, Plover, IA": [
    42.878606,
    -94.621764
  ],
  "1409 Main St, Ruthven, IA": [
    43.130355,
    -94.900775
  ],
  "115 Elevator Rd, Wallingford, IA": [
    43.320727,
    -94.795386
  ],
  "402 Warner Ave, Terril, IA": [
    43.302777,
    -94.969269
  ],
  "110 Main St, Pioneer, IA": [
    42.65347,
    -94.39172
  ],
  "206 Sheridan, Rutland, IA": [
    42.76106,
    -94.291365
  ],
  "108 S 3rd St, Estherville, IA": [
    43.40074,
    -94.84032
  ],
  "446 Hwy 10, Havelock, IA": [
    42.830962,
    -94.703508
  ],
  "3717 420th St, Ayrshire, IA": [
    43.039202,
    -94.853286
  ],
  "968 160th Ave, Fairmont, MN": [
    43.626741,
    -94.550928
  ],
  "1230 350th St, Cedar Rapids, NE": [
    41.55639,
    -98.24829
  ],
  "4930 Howard Blvd, Columbus, NE": [
    41.443822,
    -97.390082
  ],
  "48303 115 Ave, Leigh, NE": [
    41.70733,
    -97.27355
  ],
  "210 Ridge St, Osceola, NE": [
    41.18516,
    -97.54459
  ],
  "7471 N 300th St, Altamont, IL": [
    39.021976,
    -88.749032
  ],
  "502 S Charles St, Altamont, IL": [
    39.061926,
    -88.749039
  ],
  "203 E Willow St, Effingham, IL": [
    39.121382,
    -88.540795
  ],
  "410 S Willow St, Effingham, IL": [
    39.118231,
    -88.535502
  ],
  "405 S Banker St, Effingham, IL": [
    39.119011,
    -88.545608
  ],
  "404 W North Ave, Flora, IL": [
    38.668128,
    -88.491241
  ],
  "1266 Hwy 50, Flora, IL": [
    38.62187,
    -88.438201
  ],
  "1715 E City Route 40, Greenville, IL": [
    38.88319,
    -89.38025
  ],
  "510 E Railroad St, St. Peter, IL": [
    38.86477,
    -88.85316
  ],
  "708 S Meridian St, Toledo, IL": [
    39.264399,
    -88.244416
  ],
  "103 E Freemont St, Tower Hill, IL": [
    39.387912,
    -88.955016
  ],
  "1506 Veterans Ave, Vandalia, IL": [
    38.977389,
    -89.110189
  ],
  "3568 State Route 4, Attica, OH": [
    41.073321,
    -82.884909
  ],
  "3568 St. Rt. 4, Attica, OH": [
    41.073321,
    -82.884909
  ],
  "400 W Walnut Street, Botkins, OH": [
    40.47202,
    -84.18751
  ],
  "1100 Burkholder Rd., Clyde, OH": [
    41.31392,
    -82.963988
  ],
  "3000 W Bucyrus St, Crestline, OH": [
    40.784303,
    -82.780747
  ],
  "703 South St Rt 53, Fremont, OH": [
    41.347338,
    -83.117121
  ],
  "16420 McCartyville Rd, Kettlersville, OH": [
    40.43768,
    -84.25907
  ],
  "3130 Greenwich-Milan TL Rd N, Norwalk, OH": [
    40.41742,
    -82.711449
  ],
  "3130 Greenwich-Milan T.L. Road North, Norwalk, OH": [
    40.41742,
    -82.711449
  ],
  "17 E Main St, Osgood, OH": [
    40.338948,
    -84.494629
  ],
  "10844 Huntington Rd, South Charleston, OH": [
    39.822851,
    -83.612431
  ],
  "10660 Huntington Rd, South Charleston, OH": [
    39.823734,
    -83.612946
  ],
  "11888 State Route 41, South Charleston, OH": [
    39.819151,
    -83.623736
  ],
  "11888 SR 41, South Charleston, OH": [
    39.819151,
    -83.623736
  ],
  "21 Woodward St, South Charleston, OH": [
    39.822369,
    -83.630281
  ],
  "301 E Ohio St, Uniopolis, OH": [
    40.600697,
    -84.083015
  ],
  "1981 Fitchville River Rd., Wakeman, OH": [
    41.192056,
    -82.43009
  ],
  "310 Starbuck Rd, Wilmington, OH": [
    39.461392,
    -83.766348
  ],
  "18179 Olde Hiway Rd, Centralia, IA": [
    42.47283,
    -90.83598
  ],
  "1200 Field of Dreams Way, Dyersville, IA": [
    42.47211,
    -91.13876
  ],
  "24544 Hwy 13, Elkader, IA": [
    42.869468,
    -91.381665
  ],
  "303 N Center Ave, Epworth, IA": [
    42.447676,
    -90.933227
  ],
  "25278 Hwy 18, McGregor, IA": [
    43.004018,
    -91.303796
  ],
  "Highway 24, Paloma, IL": [
    40.022797,
    -91.198942
  ],
  "1301 E Washington St, Pittsfield, IL": [
    39.606202,
    -90.787944
  ],
  "605 Brown St, Rushville, IL": [
    40.126677,
    -90.56837
  ],
  "840 Pioneer Ave, Lafayette, MN": [
    44.447282,
    -94.393597
  ],
  "37597 State Hwy 22, St Peter, MN": [
    44.411765,
    -94.114226
  ],
  "705 E 4th St, Winthrop, MN": [
    44.542182,
    -94.353408
  ],
  "15420 US Highway 36, Chrisman, IL": [
    39.79106,
    -87.6827
  ],
  "252 N State Hwy 128 Rd, Cowden, IL": [
    39.25363,
    -88.86119
  ],
  "950 Jerry Ash Ave, Crescent City, IL": [
    40.770767,
    -87.856877
  ],
  "200 S West St, Danvers, IL": [
    40.526848,
    -89.179011
  ],
  "106 S Main St, Hammond, IL": [
    39.799019,
    -88.528319
  ],
  "929A County Road 700 N, Tolono, IL": [
    39.980783,
    -88.287276
  ],
  "1274 E Old Route 47, White Heath, IL": [
    40.08942,
    -88.5056
  ],
  "2722 Highway 200E, Ada, MN": [
    47.29665,
    -96.49685
  ],
  "109 Great Northern Avenue South, Climax, MN": [
    47.60526,
    -96.81679
  ],
  "102 4th St N, Fisher, MN": [
    47.80073,
    -96.79764
  ],
  "501 Highway 75 South, Halstad, MN": [
    47.34946,
    -96.82573
  ],
  "121 Valiants St, Buxton, ND": [
    47.598408,
    -97.094002
  ],
  "1310 Dakota Avenue, Hatton, ND": [
    47.632421,
    -97.453263
  ],
  "1135 Hwy 18 NE, Hatton, ND": [
    47.594681,
    -97.453394
  ],
  "601 6th Street NW, Hillsboro, ND": [
    47.40681,
    -97.07191
  ],
  "805 Helen Avenue, Portland, ND": [
    47.497188,
    -97.370657
  ],
  "322 4th Avenue, Reynolds, ND": [
    47.672024,
    -97.108396
  ],
  "217 Pacific Ave, Thompson, ND": [
    47.776905,
    -97.110313
  ],
  "21546 Highway 1, Allendale, IL": [
    38.53231,
    -87.709056
  ],
  "1724 Hwy 45 S, Cisne, IL": [
    38.503978,
    -88.402359
  ],
  "607 SE 4th St, Fairfield, IL": [
    38.373109,
    -88.357367
  ],
  "909 N Court St, Grayville, IL": [
    38.265549,
    -87.99593
  ],
  "1305 Fairground Ave, Newton, IL": [
    38.98787,
    -88.17767
  ],
  "10154 N 450th Ave, Oblong, IL": [
    38.998742,
    -87.862181
  ],
  "200 N 3rd St, Francisco, IN": [
    38.6273,
    -90.188963
  ],
  "79 E Fletchall Ave, Poseyville, IN": [
    38.170895,
    -87.780462
  ],
  "664 N US Highway 41, Princeton, IN": [
    38.36477,
    -87.59751
  ],
  "1778 210th St, Donnellson, IA": [
    40.653103,
    -91.569042
  ],
  "19311 IL Hwy 9 & 41, Bushnell, IL": [
    40.55098,
    -90.507784
  ],
  "1790 E US Hwy 136, Carthage, IL": [
    40.410147,
    -91.16296
  ],
  "1445 Monmouth Blvd, Galesburg, IL": [
    40.93768,
    -90.39372
  ],
  "2841 E State Hwy 9, La Harpe, IL": [
    40.580249,
    -90.954918
  ],
  "425 W Jackson St, Macomb, IL": [
    40.458839,
    -90.677782
  ],
  "1528 Knox Rd 600 N, Maquon, IL": [
    40.80005,
    -90.151904
  ],
  "1528 Knox Rd 600N, Maquon, IL": [
    40.713014,
    -90.081735
  ],
  "903 S Sunny Ln, Monmouth, IL": [
    40.902658,
    -90.659629
  ],
  "1530 90th St, Monmouth, IL": [
    40.853095,
    -90.616537
  ],
  "764 90th St, Roseville, IL": [
    40.743468,
    -90.616381
  ],
  "18990 E 800th St, Sciota, IL": [
    40.55863,
    -90.75256
  ],
  "320 E Main St, Stronghurst, IL": [
    40.746598,
    -90.905419
  ],
  "770 E Main St, Stronghurst, IL": [
    40.74814,
    -90.903075
  ],
  "686 Depot St, Wataga, IL": [
    41.070925,
    -90.230905
  ],
  "Global Tech Dr, Wataga, IL": [
    41.024877,
    -90.280998
  ],
  "1017 S State Route 180, Williamsfield, IL": [
    40.923338,
    -90.018421
  ],
  "500 S Edison St, Williamsfield, IL": [
    38.420769,
    -89.907974
  ],
  "19716 N Elliott Rd, Monica Plant, IL": [
    40.923374,
    -89.822945
  ]
}